name,id,kind 
Goserelin,DB00014,Compound 
Desmopressin,DB00035,Compound 
Cetrorelix,DB00050,Compound 
Cyclosporine,DB00091,Compound 
Felypressin,DB00093,Compound 
Octreotide,DB00104,Compound 
Cyanocobalamin,DB00115,Compound 
Tetrahydrofolic acid,DB00116,Compound 
L-Histidine,DB00117,Compound 
S-Adenosylmethionine,DB00118,Compound 
Pyruvic acid,DB00119,Compound 
L-Phenylalanine,DB00120,Compound 
Biotin,DB00121,Compound 
Choline,DB00122,Compound 
L-Lysine,DB00123,Compound 
L-Arginine,DB00125,Compound 
Vitamin C,DB00126,Compound 
Spermine,DB00127,Compound 
L-Aspartic Acid,DB00128,Compound 
L-Ornithine,DB00129,Compound 
L-Glutamine,DB00130,Compound 
Adenosine monophosphate,DB00131,Compound 
Alpha-Linolenic Acid,DB00132,Compound 
L-Serine,DB00133,Compound 
L-Methionine,DB00134,Compound 
L-Tyrosine,DB00135,Compound 
Calcitriol,DB00136,Compound 
Xanthophyll,DB00137,Compound 
L-Cystine,DB00138,Compound 
Succinic acid,DB00139,Compound 
Riboflavin,DB00140,Compound 
N-Acetyl-D-glucosamine,DB00141,Compound 
Glutathione,DB00143,Compound 
Phosphatidylserine,DB00144,Compound 
Glycine,DB00145,Compound 
Calcidiol,DB00146,Compound 
Pyridoxal,DB00147,Compound 
Creatine,DB00148,Compound 
L-Leucine,DB00149,Compound 
L-Tryptophan,DB00150,Compound 
L-Cysteine,DB00151,Compound 
Thiamine,DB00152,Compound 
Ergocalciferol,DB00153,Compound 
Dihomo-gamma-linolenic acid,DB00154,Compound 
L-Citrulline,DB00155,Compound 
L-Threonine,DB00156,Compound 
Folic Acid,DB00158,Compound 
Icosapent,DB00159,Compound 
L-Alanine,DB00160,Compound 
L-Valine,DB00161,Compound 
Vitamin A,DB00162,Compound 
Vitamin E,DB00163,Compound 
Pyridoxine,DB00165,Compound 
Lipoic Acid,DB00166,Compound 
L-Isoleucine,DB00167,Compound 
Aspartame,DB00168,Compound 
Cholecalciferol,DB00169,Compound 
Menadione,DB00170,Compound 
Adenosine triphosphate,DB00171,Compound 
L-Proline,DB00172,Compound 
Adenine,DB00173,Compound 
L-Asparagine,DB00174,Compound 
Pravastatin,DB00175,Compound 
Fluvoxamine,DB00176,Compound 
Valsartan,DB00177,Compound 
Ramipril,DB00178,Compound 
Masoprocol,DB00179,Compound 
Flunisolide,DB00180,Compound 
Baclofen,DB00181,Compound 
Amphetamine,DB00182,Compound 
Pentagastrin,DB00183,Compound 
Nicotine,DB00184,Compound 
Cevimeline,DB00185,Compound 
Lorazepam,DB00186,Compound 
Esmolol,DB00187,Compound 
Bortezomib,DB00188,Compound 
Ethchlorvynol,DB00189,Compound 
Carbidopa,DB00190,Compound 
Phentermine,DB00191,Compound 
Indecainide,DB00192,Compound 
Tramadol,DB00193,Compound 
Vidarabine,DB00194,Compound 
Betaxolol,DB00195,Compound 
Fluconazole,DB00196,Compound 
Oseltamivir,DB00198,Compound 
Erythromycin,DB00199,Compound 
Hydroxocobalamin,DB00200,Compound 
Caffeine,DB00201,Compound 
Succinylcholine,DB00202,Compound 
Sildenafil,DB00203,Compound 
Dofetilide,DB00204,Compound 
Pyrimethamine,DB00205,Compound 
Reserpine,DB00206,Compound 
Azithromycin,DB00207,Compound 
Ticlopidine,DB00208,Compound 
Trospium,DB00209,Compound 
Adapalene,DB00210,Compound 
Midodrine,DB00211,Compound 
Remikiren,DB00212,Compound 
Pantoprazole,DB00213,Compound 
Torasemide,DB00214,Compound 
Citalopram,DB00215,Compound 
Eletriptan,DB00216,Compound 
Bethanidine,DB00217,Compound 
Moxifloxacin,DB00218,Compound 
Oxyphenonium,DB00219,Compound 
Nelfinavir,DB00220,Compound 
Isoetarine,DB00221,Compound 
Glimepiride,DB00222,Compound 
Diflorasone,DB00223,Compound 
Indinavir,DB00224,Compound 
Gadodiamide,DB00225,Compound 
Guanadrel,DB00226,Compound 
Lovastatin,DB00227,Compound 
Enflurane,DB00228,Compound 
Cefotiam,DB00229,Compound 
Pregabalin,DB00230,Compound 
Temazepam,DB00231,Compound 
Methyclothiazide,DB00232,Compound 
Aminosalicylic Acid,DB00233,Compound 
Reboxetine,DB00234,Compound 
Milrinone,DB00235,Compound 
Pipobroman,DB00236,Compound 
Butabarbital,DB00237,Compound 
Nevirapine,DB00238,Compound 
Oxiconazole,DB00239,Compound 
Alclometasone,DB00240,Compound 
Butalbital,DB00241,Compound 
Cladribine,DB00242,Compound 
Ranolazine,DB00243,Compound 
Mesalazine,DB00244,Compound 
Benzatropine,DB00245,Compound 
Ziprasidone,DB00246,Compound 
Methysergide,DB00247,Compound 
Cabergoline,DB00248,Compound 
Idoxuridine,DB00249,Compound 
Dapsone,DB00250,Compound 
Terconazole,DB00251,Compound 
Phenytoin,DB00252,Compound 
Medrysone,DB00253,Compound 
Doxycycline,DB00254,Compound 
Diethylstilbestrol,DB00255,Compound 
Lymecycline,DB00256,Compound 
Clotrimazole,DB00257,Compound 
Calcium Acetate,DB00258,Compound 
Sulfanilamide,DB00259,Compound 
Cycloserine,DB00260,Compound 
Anagrelide,DB00261,Compound 
Carmustine,DB00262,Compound 
Sulfisoxazole,DB00263,Compound 
Metoprolol,DB00264,Compound 
Crotamiton,DB00265,Compound 
Dicoumarol,DB00266,Compound 
Cefmenoxime,DB00267,Compound 
Ropinirole,DB00268,Compound 
Isradipine,DB00270,Compound 
Diatrizoate,DB00271,Compound 
Betazole,DB00272,Compound 
Topiramate,DB00273,Compound 
Cefmetazole,DB00274,Compound 
Olmesartan,DB00275,Compound 
Amsacrine,DB00276,Compound 
Theophylline,DB00277,Compound 
Argatroban,DB00278,Compound 
Liothyronine,DB00279,Compound 
Disopyramide,DB00280,Compound 
Lidocaine,DB00281,Compound 
Pamidronate,DB00282,Compound 
Clemastine,DB00283,Compound 
Acarbose,DB00284,Compound 
Venlafaxine,DB00285,Compound 
Conjugated Estrogens,DB00286,Compound 
Travoprost,DB00287,Compound 
Amcinonide,DB00288,Compound 
Atomoxetine,DB00289,Compound 
Bleomycin,DB00290,Compound 
Chlorambucil,DB00291,Compound 
Etomidate,DB00292,Compound 
Raltitrexed,DB00293,Compound 
Etonogestrel,DB00294,Compound 
Morphine,DB00295,Compound 
Ropivacaine,DB00296,Compound 
Bupivacaine,DB00297,Compound 
Dapiprazole,DB00298,Compound 
Penciclovir,DB00299,Compound 
Tenofovir,DB00300,Compound 
Flucloxacillin,DB00301,Compound 
Tranexamic Acid,DB00302,Compound 
Ertapenem,DB00303,Compound 
Desogestrel,DB00304,Compound 
Mitomycin,DB00305,Compound 
Talbutal,DB00306,Compound 
Bexarotene,DB00307,Compound 
Ibutilide,DB00308,Compound 
Vindesine,DB00309,Compound 
Chlorthalidone,DB00310,Compound 
Pentobarbital,DB00312,Compound 
Valproic Acid,DB00313,Compound 
Capreomycin,DB00314,Compound 
Zolmitriptan,DB00315,Compound 
Acetaminophen,DB00316,Compound 
Gefitinib,DB00317,Compound 
Codeine,DB00318,Compound 
Piperacillin,DB00319,Compound 
Dihydroergotamine,DB00320,Compound 
Amitriptyline,DB00321,Compound 
Floxuridine,DB00322,Compound 
Tolcapone,DB00323,Compound 
Fluorometholone,DB00324,Compound 
Nitroprusside,DB00325,Compound 
Calcium Gluceptate,DB00326,Compound 
Hydromorphone,DB00327,Compound 
Indomethacin,DB00328,Compound 
Ethambutol,DB00330,Compound 
Metformin,DB00331,Compound 
Ipratropium bromide,DB00332,Compound 
Methadone,DB00333,Compound 
Olanzapine,DB00334,Compound 
Atenolol,DB00335,Compound 
Nitrofural,DB00336,Compound 
Pimecrolimus,DB00337,Compound 
Omeprazole,DB00338,Compound 
Pyrazinamide,DB00339,Compound 
Metixene,DB00340,Compound 
Cetirizine,DB00341,Compound 
Diltiazem,DB00343,Compound 
Protriptyline,DB00344,Compound 
Aminohippurate,DB00345,Compound 
Alfuzosin,DB00346,Compound 
Trimethadione,DB00347,Compound 
Nitisinone,DB00348,Compound 
Clobazam,DB00349,Compound 
Minoxidil,DB00350,Compound 
Megestrol acetate,DB00351,Compound 
Tioguanine,DB00352,Compound 
Methylergometrine,DB00353,Compound 
Buclizine,DB00354,Compound 
Aztreonam,DB00355,Compound 
Chlorzoxazone,DB00356,Compound 
Aminoglutethimide,DB00357,Compound 
Mefloquine,DB00358,Compound 
Sulfadiazine,DB00359,Compound 
Tetrahydrobiopterin,DB00360,Compound 
Vinorelbine,DB00361,Compound 
Anidulafungin,DB00362,Compound 
Clozapine,DB00363,Compound 
Sucralfate,DB00364,Compound 
Doxylamine,DB00366,Compound 
Levonorgestrel,DB00367,Compound 
Norepinephrine,DB00368,Compound 
Cidofovir,DB00369,Compound 
Mirtazapine,DB00370,Compound 
Meprobamate,DB00371,Compound 
Timolol,DB00373,Compound 
Treprostinil,DB00374,Compound 
Colestipol,DB00375,Compound 
Trihexyphenidyl,DB00376,Compound 
Palonosetron,DB00377,Compound 
Dydrogesterone,DB00378,Compound 
Mexiletine,DB00379,Compound 
Dexrazoxane,DB00380,Compound 
Amlodipine,DB00381,Compound 
Oxyphencyclimine,DB00383,Compound 
Triamterene,DB00384,Compound 
Valrubicin,DB00385,Compound 
Procyclidine,DB00387,Compound 
Phenylephrine,DB00388,Compound 
Carbimazole,DB00389,Compound 
Digoxin,DB00390,Compound 
Sulpiride,DB00391,Compound 
Ethopropazine,DB00392,Compound 
Nimodipine,DB00393,Compound 
Beclomethasone,DB00394,Compound 
Carisoprodol,DB00395,Compound 
Progesterone,DB00396,Compound 
Phenylpropanolamine,DB00397,Compound 
Sorafenib,DB00398,Compound 
Zoledronate,DB00399,Compound 
Griseofulvin,DB00400,Compound 
Nisoldipine,DB00401,Compound 
Eszopiclone,DB00402,Compound 
Ceruletide,DB00403,Compound 
Alprazolam,DB00404,Compound 
Dexbrompheniramine,DB00405,Compound 
Gentian Violet,DB00406,Compound 
Ardeparin,DB00407,Compound 
Loxapine,DB00408,Compound 
Remoxipride,DB00409,Compound 
Mupirocin,DB00410,Compound 
Carbachol,DB00411,Compound 
Rosiglitazone,DB00412,Compound 
Pramipexole,DB00413,Compound 
Ampicillin,DB00415,Compound 
Penicillin V,DB00417,Compound 
Secobarbital,DB00418,Compound 
Miglustat,DB00419,Compound 
Promazine,DB00420,Compound 
Spironolactone,DB00421,Compound 
Methylphenidate,DB00422,Compound 
Methocarbamol,DB00423,Compound 
Hyoscyamine,DB00424,Compound 
Zolpidem,DB00425,Compound 
Famciclovir,DB00426,Compound 
Triprolidine,DB00427,Compound 
Streptozocin,DB00428,Compound 
Carboprost Tromethamine,DB00429,Compound 
Cefpiramide,DB00430,Compound 
Lindane,DB00431,Compound 
Trifluridine,DB00432,Compound 
Prochlorperazine,DB00433,Compound 
Cyproheptadine,DB00434,Compound 
Nitric Oxide,DB00435,Compound 
Bendroflumethiazide,DB00436,Compound 
Allopurinol,DB00437,Compound 
Ceftazidime,DB00438,Compound 
Trimethoprim,DB00440,Compound 
Gemcitabine,DB00441,Compound 
Entecavir,DB00442,Compound 
Betamethasone,DB00443,Compound 
Teniposide,DB00444,Compound 
Epirubicin,DB00445,Compound 
Chloramphenicol,DB00446,Compound 
Lansoprazole,DB00448,Compound 
Dipivefrin,DB00449,Compound 
Droperidol,DB00450,Compound 
Levothyroxine,DB00451,Compound 
Framycetin,DB00452,Compound 
Clomocycline,DB00453,Compound 
Pethidine,DB00454,Compound 
Loratadine,DB00455,Compound 
Cefalotin,DB00456,Compound 
Prazosin,DB00457,Compound 
Imipramine,DB00458,Compound 
Acitretin,DB00459,Compound 
Verteporfin,DB00460,Compound 
Nabumetone,DB00461,Compound 
Methylscopolamine bromide,DB00462,Compound 
Sodium Tetradecyl Sulfate,DB00464,Compound 
Ketorolac,DB00465,Compound 
Enoxacin,DB00467,Compound 
Quinine,DB00468,Compound 
Tenoxicam,DB00469,Compound 
Dronabinol,DB00470,Compound 
Montelukast,DB00471,Compound 
Fluoxetine,DB00472,Compound 
Hexylcaine,DB00473,Compound 
Methohexital,DB00474,Compound 
Chlordiazepoxide,DB00475,Compound 
Duloxetine,DB00476,Compound 
Chlorpromazine,DB00477,Compound 
Rimantadine,DB00478,Compound 
Amikacin,DB00479,Compound 
Lenalidomide,DB00480,Compound 
Raloxifene,DB00481,Compound 
Celecoxib,DB00482,Compound 
Gallamine Triethiodide,DB00483,Compound 
Brimonidine,DB00484,Compound 
Dicloxacillin,DB00485,Compound 
Nabilone,DB00486,Compound 
Pefloxacin,DB00487,Compound 
Altretamine,DB00488,Compound 
Sotalol,DB00489,Compound 
Buspirone,DB00490,Compound 
Miglitol,DB00491,Compound 
Fosinopril,DB00492,Compound 
Cefotaxime,DB00493,Compound 
Entacapone,DB00494,Compound 
Zidovudine,DB00495,Compound 
Darifenacin,DB00496,Compound 
Oxycodone,DB00497,Compound 
Phenindione,DB00498,Compound 
Flutamide,DB00499,Compound 
Tolmetin,DB00500,Compound 
Cimetidine,DB00501,Compound 
Haloperidol,DB00502,Compound 
Ritonavir,DB00503,Compound 
Levallorphan,DB00504,Compound 
Nitazoxanide,DB00507,Compound 
Triflupromazine,DB00508,Compound 
Dextrothyroxine,DB00509,Compound 
Acetyldigitoxin,DB00511,Compound 
Vancomycin,DB00512,Compound 
Aminocaproic Acid,DB00513,Compound 
Dextromethorphan,DB00514,Compound 
Cisplatin,DB00515,Compound 
Bentoquatam,DB00516,Compound 
Anisotropine Methylbromide,DB00517,Compound 
Albendazole,DB00518,Compound 
Trandolapril,DB00519,Compound 
Caspofungin,DB00520,Compound 
Carteolol,DB00521,Compound 
Alitretinoin,DB00523,Compound 
Metolazone,DB00524,Compound 
Tolnaftate,DB00525,Compound 
Oxaliplatin,DB00526,Compound 
Cinchocaine,DB00527,Compound 
Lercanidipine,DB00528,Compound 
Foscarnet,DB00529,Compound 
Erlotinib,DB00530,Compound 
Cyclophosphamide,DB00531,Compound 
Chlormerodrin,DB00534,Compound 
Cefdinir,DB00535,Compound 
Guanidine,DB00536,Compound 
Ciprofloxacin,DB00537,Compound 
Gadoversetamide,DB00538,Compound 
Toremifene,DB00539,Compound 
Nortriptyline,DB00540,Compound 
Vincristine,DB00541,Compound 
Benazepril,DB00542,Compound 
Amoxapine,DB00543,Compound 
Fluorouracil,DB00544,Compound 
Pyridostigmine,DB00545,Compound 
Adinazolam,DB00546,Compound 
Desoximetasone,DB00547,Compound 
Azelaic Acid,DB00548,Compound 
Zafirlukast,DB00549,Compound 
Propylthiouracil,DB00550,Compound 
Acetohydroxamic Acid,DB00551,Compound 
Pentostatin,DB00552,Compound 
Methoxsalen,DB00553,Compound 
Piroxicam,DB00554,Compound 
Lamotrigine,DB00555,Compound 
Perflutren,DB00556,Compound 
Hydroxyzine,DB00557,Compound 
Zanamivir,DB00558,Compound 
Bosentan,DB00559,Compound 
Tigecycline,DB00560,Compound 
Doxapram,DB00561,Compound 
Benzthiazide,DB00562,Compound 
Methotrexate,DB00563,Compound 
Carbamazepine,DB00564,Compound 
Cisatracurium Besylate,DB00565,Compound 
Succimer,DB00566,Compound 
Cephalexin,DB00567,Compound 
Cinnarizine,DB00568,Compound 
Fondaparinux sodium,DB00569,Compound 
Vinblastine,DB00570,Compound 
Propranolol,DB00571,Compound 
Atropine,DB00572,Compound 
Fenoprofen,DB00573,Compound 
Clonidine,DB00575,Compound 
Sulfamethizole,DB00576,Compound 
Valaciclovir,DB00577,Compound 
Carbenicillin,DB00578,Compound 
Mazindol,DB00579,Compound 
Lactulose,DB00581,Compound 
Voriconazole,DB00582,Compound 
L-Carnitine,DB00583,Compound 
Enalapril,DB00584,Compound 
Nizatidine,DB00585,Compound 
Diclofenac,DB00586,Compound 
Cinalukast,DB00587,Compound 
Fluticasone Propionate,DB00588,Compound 
Lisuride,DB00589,Compound 
Doxazosin,DB00590,Compound 
Fluocinolone Acetonide,DB00591,Compound 
Piperazine,DB00592,Compound 
Ethosuximide,DB00593,Compound 
Amiloride,DB00594,Compound 
Oxytetracycline,DB00595,Compound 
Halobetasol Propionate,DB00596,Compound 
Gadoteridol,DB00597,Compound 
Labetalol,DB00598,Compound 
Thiopental,DB00599,Compound 
Monobenzone,DB00600,Compound 
Linezolid,DB00601,Compound 
Ivermectin,DB00602,Compound 
Medroxyprogesterone Acetate,DB00603,Compound 
Cisapride,DB00604,Compound 
Sulindac,DB00605,Compound 
Cyclothiazide,DB00606,Compound 
Nafcillin,DB00607,Compound 
Chloroquine,DB00608,Compound 
Ethionamide,DB00609,Compound 
Metaraminol,DB00610,Compound 
Butorphanol,DB00611,Compound 
Bisoprolol,DB00612,Compound 
Amodiaquine,DB00613,Compound 
Furazolidone,DB00614,Compound 
Rifabutin,DB00615,Compound 
Candoxatril,DB00616,Compound 
Paramethadione,DB00617,Compound 
Demeclocycline,DB00618,Compound 
Imatinib,DB00619,Compound 
Triamcinolone,DB00620,Compound 
Oxandrolone,DB00621,Compound 
Nicardipine,DB00622,Compound 
Fluphenazine,DB00623,Compound 
Testosterone,DB00624,Compound 
Efavirenz,DB00625,Compound 
Bacitracin,DB00626,Compound 
Niacin,DB00627,Compound 
Clorazepate,DB00628,Compound 
Guanabenz,DB00629,Compound 
Alendronate,DB00630,Compound 
Clofarabine,DB00631,Compound 
Docosanol,DB00632,Compound 
Dexmedetomidine,DB00633,Compound 
Sulfacetamide,DB00634,Compound 
Prednisone,DB00635,Compound 
Clofibrate,DB00636,Compound 
Astemizole,DB00637,Compound 
Inulin,DB00638,Compound 
Butoconazole,DB00639,Compound 
Adenosine,DB00640,Compound 
Simvastatin,DB00641,Compound 
Pemetrexed,DB00642,Compound 
Mebendazole,DB00643,Compound 
Gonadorelin,DB00644,Compound 
Dyclonine,DB00645,Compound 
Nystatin,DB00646,Compound 
Dextropropoxyphene,DB00647,Compound 
Mitotane,DB00648,Compound 
Stavudine,DB00649,Compound 
Leucovorin,DB00650,Compound 
Dyphylline,DB00651,Compound 
Pentazocine,DB00652,Compound 
Magnesium Sulfate,DB00653,Compound 
Latanoprost,DB00654,Compound 
Estrone,DB00655,Compound 
Trazodone,DB00656,Compound 
Mecamylamine,DB00657,Compound 
Sevelamer,DB00658,Compound 
Acamprosate,DB00659,Compound 
Metaxalone,DB00660,Compound 
Verapamil,DB00661,Compound 
Trimethobenzamide,DB00662,Compound 
Flumethasone Pivalate,DB00663,Compound 
Sulfametopyrazine,DB00664,Compound 
Nilutamide,DB00665,Compound 
Nafarelin,DB00666,Compound 
Histamine Phosphate,DB00667,Compound 
Epinephrine,DB00668,Compound 
Sumatriptan,DB00669,Compound 
Pirenzepine,DB00670,Compound 
Cefixime,DB00671,Compound 
Chlorpropamide,DB00672,Compound 
Aprepitant,DB00673,Compound 
Galantamine,DB00674,Compound 
Tamoxifen,DB00675,Compound 
Benzyl Benzoate,DB00676,Compound 
Isoflurophate,DB00677,Compound 
Losartan,DB00678,Compound 
Thioridazine,DB00679,Compound 
Moricizine,DB00680,Compound 
Amphotericin B,DB00681,Compound 
Warfarin,DB00682,Compound 
Midazolam,DB00683,Compound 
Tobramycin,DB00684,Compound 
Trovafloxacin,DB00685,Compound 
Pentosan Polysulfate,DB00686,Compound 
Fludrocortisone,DB00687,Compound 
Mycophenolate mofetil,DB00688,Compound 
Cephaloglycin,DB00689,Compound 
Flurazepam,DB00690,Compound 
Moexipril,DB00691,Compound 
Phentolamine,DB00692,Compound 
Fluorescein,DB00693,Compound 
Daunorubicin,DB00694,Compound 
Furosemide,DB00695,Compound 
Ergotamine,DB00696,Compound 
Tizanidine,DB00697,Compound 
Nitrofurantoin,DB00698,Compound 
Nicergoline,DB00699,Compound 
Eplerenone,DB00700,Compound 
Amprenavir,DB00701,Compound 
Methazolamide,DB00703,Compound 
Naltrexone,DB00704,Compound 
Delavirdine,DB00705,Compound 
Tamsulosin,DB00706,Compound 
Porfimer,DB00707,Compound 
Sufentanil,DB00708,Compound 
Lamivudine,DB00709,Compound 
Ibandronate,DB00710,Compound 
Diethylcarbamazine,DB00711,Compound 
Flurbiprofen,DB00712,Compound 
Oxacillin,DB00713,Compound 
Apomorphine,DB00714,Compound 
Paroxetine,DB00715,Compound 
Nedocromil,DB00716,Compound 
Norethindrone,DB00717,Compound 
Adefovir Dipivoxil,DB00718,Compound 
Azatadine,DB00719,Compound 
Clodronate,DB00720,Compound 
Procaine,DB00721,Compound 
Lisinopril,DB00722,Compound 
Methoxamine,DB00723,Compound 
Imiquimod,DB00724,Compound 
Homatropine Methylbromide,DB00725,Compound 
Trimipramine,DB00726,Compound 
Nitroglycerin,DB00727,Compound 
Rocuronium,DB00728,Compound 
Diphemanil Methylsulfate,DB00729,Compound 
Thiabendazole,DB00730,Compound 
Nateglinide,DB00731,Compound 
Atracurium,DB00732,Compound 
Pralidoxime,DB00733,Compound 
Risperidone,DB00734,Compound 
Naftifine,DB00735,Compound 
Esomeprazole,DB00736,Compound 
Meclizine,DB00737,Compound 
Pentamidine,DB00738,Compound 
Hetacillin,DB00739,Compound 
Riluzole,DB00740,Compound 
Hydrocortisone,DB00741,Compound 
Mannitol,DB00742,Compound 
Gadobenate Dimeglumine,DB00743,Compound 
Zileuton,DB00744,Compound 
Modafinil,DB00745,Compound 
Deferoxamine,DB00746,Compound 
Scopolamine,DB00747,Compound 
Carbinoxamine,DB00748,Compound 
Etodolac,DB00749,Compound 
Prilocaine,DB00750,Compound 
Epinastine,DB00751,Compound 
Tranylcypromine,DB00752,Compound 
Isoflurane,DB00753,Compound 
Ethotoin,DB00754,Compound 
Tretinoin,DB00755,Compound 
Hexachlorophene,DB00756,Compound 
Dolasetron,DB00757,Compound 
Clopidogrel,DB00758,Compound 
Tetracycline,DB00759,Compound 
Meropenem,DB00760,Compound 
Potassium Chloride,DB00761,Compound 
Irinotecan,DB00762,Compound 
Methimazole,DB00763,Compound 
Mometasone,DB00764,Compound 
Metyrosine,DB00765,Compound 
Clavulanate,DB00766,Compound 
Olopatadine,DB00768,Compound 
Hydrocortamate,DB00769,Compound 
Alprostadil,DB00770,Compound 
Clidinium,DB00771,Compound 
Malathion,DB00772,Compound 
Etoposide,DB00773,Compound 
Hydroflumethiazide,DB00774,Compound 
Tirofiban,DB00775,Compound 
Oxcarbazepine,DB00776,Compound 
Propiomazine,DB00777,Compound 
Roxithromycin,DB00778,Compound 
Nalidixic Acid,DB00779,Compound 
Phenelzine,DB00780,Compound 
Polymyxin B Sulfate,DB00781,Compound 
Propantheline,DB00782,Compound 
Estradiol,DB00783,Compound 
Mefenamic acid,DB00784,Compound 
Marimastat,DB00786,Compound 
Aciclovir,DB00787,Compound 
Naproxen,DB00788,Compound 
Gadopentetate dimeglumine,DB00789,Compound 
Perindopril,DB00790,Compound 
Uracil mustard,DB00791,Compound 
Tripelennamine,DB00792,Compound 
Haloprogin,DB00793,Compound 
Primidone,DB00794,Compound 
Sulfasalazine,DB00795,Compound 
Candesartan,DB00796,Compound 
Tolazoline,DB00797,Compound 
Gentamicin,DB00798,Compound 
Tazarotene,DB00799,Compound 
Fenoldopam,DB00800,Compound 
Halazepam,DB00801,Compound 
Alfentanil,DB00802,Compound 
Colistin,DB00803,Compound 
Dicyclomine,DB00804,Compound 
Minaprine,DB00805,Compound 
Pentoxifylline,DB00806,Compound 
Proparacaine,DB00807,Compound 
Indapamide,DB00808,Compound 
Tropicamide,DB00809,Compound 
Biperiden,DB00810,Compound 
Ribavirin,DB00811,Compound 
Phenylbutazone,DB00812,Compound 
Fentanyl,DB00813,Compound 
Meloxicam,DB00814,Compound 
Sodium lauryl sulfate,DB00815,Compound 
Orciprenaline,DB00816,Compound 
Rosoxacin,DB00817,Compound 
Propofol,DB00818,Compound 
Acetazolamide,DB00819,Compound 
Tadalafil,DB00820,Compound 
Carprofen,DB00821,Compound 
Disulfiram,DB00822,Compound 
Ethynodiol,DB00823,Compound 
Enprofylline,DB00824,Compound 
Menthol,DB00825,Compound 
Natamycin,DB00826,Compound 
Cinoxacin,DB00827,Compound 
Fosfomycin,DB00828,Compound 
Diazepam,DB00829,Compound 
Phenmetrazine,DB00830,Compound 
Trifluoperazine,DB00831,Compound 
Phensuximide,DB00832,Compound 
Cefaclor,DB00833,Compound 
Mifepristone,DB00834,Compound 
Brompheniramine,DB00835,Compound 
Loperamide,DB00836,Compound 
Progabide,DB00837,Compound 
Clocortolone,DB00838,Compound 
Tolazamide,DB00839,Compound 
Dobutamine,DB00841,Compound 
Oxazepam,DB00842,Compound 
Donepezil,DB00843,Compound 
Nalbuphine,DB00844,Compound 
Clofazimine,DB00845,Compound 
Flurandrenolide,DB00846,Compound 
Cysteamine,DB00847,Compound 
Methylphenobarbital,DB00849,Compound 
Perphenazine,DB00850,Compound 
Dacarbazine,DB00851,Compound 
Pseudoephedrine,DB00852,Compound 
Temozolomide,DB00853,Compound 
Levorphanol,DB00854,Compound 
Aminolevulinic acid,DB00855,Compound 
Chlorphenesin,DB00856,Compound 
Terbinafine,DB00857,Compound 
Drostanolone,DB00858,Compound 
Penicillamine,DB00859,Compound 
Prednisolone,DB00860,Compound 
Diflunisal,DB00861,Compound 
Vardenafil,DB00862,Compound 
Ranitidine,DB00863,Compound 
Tacrolimus,DB00864,Compound 
Benzphetamine,DB00865,Compound 
Alprenolol,DB00866,Compound 
Ritodrine,DB00867,Compound 
Benzonatate,DB00868,Compound 
Dorzolamide,DB00869,Compound 
Suprofen,DB00870,Compound 
Terbutaline,DB00871,Compound 
Conivaptan,DB00872,Compound 
Loteprednol,DB00873,Compound 
Guaifenesin,DB00874,Compound 
Flupentixol,DB00875,Compound 
Eprosartan,DB00876,Compound 
Sirolimus,DB00877,Compound 
Chlorhexidine,DB00878,Compound 
Emtricitabine,DB00879,Compound 
Chlorothiazide,DB00880,Compound 
Quinapril,DB00881,Compound 
Clomifene,DB00882,Compound 
Isosorbide Dinitrate,DB00883,Compound 
Risedronate,DB00884,Compound 
Pemirolast,DB00885,Compound 
Bumetanide,DB00887,Compound 
Mechlorethamine,DB00888,Compound 
Granisetron,DB00889,Compound 
Dienestrol,DB00890,Compound 
Sulfapyridine,DB00891,Compound 
Oxybuprocaine,DB00892,Compound 
Testolactone,DB00894,Compound 
Benzylpenicilloyl Polylysine,DB00895,Compound 
Rimexolone,DB00896,Compound 
Triazolam,DB00897,Compound 
Ethanol,DB00898,Compound 
Remifentanil,DB00899,Compound 
Didanosine,DB00900,Compound 
Methdilazine,DB00902,Compound 
Ethacrynic acid,DB00903,Compound 
Ondansetron,DB00904,Compound 
Bimatoprost,DB00905,Compound 
Tiagabine,DB00906,Compound 
Cocaine,DB00907,Compound 
Quinidine,DB00908,Compound 
Zonisamide,DB00909,Compound 
Paricalcitol,DB00910,Compound 
Tinidazole,DB00911,Compound 
Repaglinide,DB00912,Compound 
Anileridine,DB00913,Compound 
Phenformin,DB00914,Compound 
Amantadine,DB00915,Compound 
Metronidazole,DB00916,Compound 
Dinoprostone,DB00917,Compound 
Almotriptan,DB00918,Compound 
Spectinomycin,DB00919,Compound 
Ketotifen,DB00920,Compound 
Buprenorphine,DB00921,Compound 
Levosimendan,DB00922,Compound 
Ceforanide,DB00923,Compound 
Cyclobenzaprine,DB00924,Compound 
Phenoxybenzamine,DB00925,Compound 
Famotidine,DB00927,Compound 
Azacitidine,DB00928,Compound 
Misoprostol,DB00929,Compound 
Methacycline,DB00931,Compound 
Tipranavir,DB00932,Compound 
Mesoridazine,DB00933,Compound 
Maprotiline,DB00934,Compound 
Oxymetazoline,DB00935,Compound 
Salicylic acid,DB00936,Compound 
Diethylpropion,DB00937,Compound 
Salmeterol,DB00938,Compound 
Meclofenamic acid,DB00939,Compound 
Methantheline,DB00940,Compound 
Hexafluronium,DB00941,Compound 
Cycrimine,DB00942,Compound 
Zalcitabine,DB00943,Compound 
Demecarium,DB00944,Compound 
Acetylsalicylic acid,DB00945,Compound 
Phenprocoumon,DB00946,Compound 
Fulvestrant,DB00947,Compound 
Mezlocillin,DB00948,Compound 
Felbamate,DB00949,Compound 
Fexofenadine,DB00950,Compound 
Isoniazid,DB00951,Compound 
Naratriptan,DB00952,Compound 
Rizatriptan,DB00953,Compound 
Dirithromycin,DB00954,Compound 
Netilmicin,DB00955,Compound 
Hydrocodone,DB00956,Compound 
Norgestimate,DB00957,Compound 
Carboplatin,DB00958,Compound 
Methylprednisolone,DB00959,Compound 
Pindolol,DB00960,Compound 
Mepivacaine,DB00961,Compound 
Zaleplon,DB00962,Compound 
Bromfenac,DB00963,Compound 
Apraclonidine,DB00964,Compound 
Telmisartan,DB00966,Compound 
Desloratadine,DB00967,Compound 
Methyldopa,DB00968,Compound 
Alosetron,DB00969,Compound 
Dactinomycin,DB00970,Compound 
Selenium Sulfide,DB00971,Compound 
Azelastine,DB00972,Compound 
Ezetimibe,DB00973,Compound 
Edetic Acid,DB00974,Compound 
Dipyridamole,DB00975,Compound 
Telithromycin,DB00976,Compound 
Ethinyl Estradiol,DB00977,Compound 
Lomefloxacin,DB00978,Compound 
Cyclopentolate,DB00979,Compound 
Ramelteon,DB00980,Compound 
Physostigmine,DB00981,Compound 
Isotretinoin,DB00982,Compound 
Formoterol,DB00983,Compound 
Nandrolone phenpropionate,DB00984,Compound 
Dimenhydrinate,DB00985,Compound 
Glycopyrrolate,DB00986,Compound 
Cytarabine,DB00987,Compound 
Dopamine,DB00988,Compound 
Rivastigmine,DB00989,Compound 
Exemestane,DB00990,Compound 
Oxaprozin,DB00991,Compound 
Methyl aminolevulinate,DB00992,Compound 
Azathioprine,DB00993,Compound 
Neomycin,DB00994,Compound 
Auranofin,DB00995,Compound 
Gabapentin,DB00996,Compound 
Doxorubicin,DB00997,Compound 
Frovatriptan,DB00998,Compound 
Hydrochlorothiazide,DB00999,Compound 
Cyclacillin,DB01000,Compound 
Salbutamol,DB01001,Compound 
Levobupivacaine,DB01002,Compound 
Cromoglicic acid,DB01003,Compound 
Ganciclovir,DB01004,Compound 
Hydroxyurea,DB01005,Compound 
Letrozole,DB01006,Compound 
Tioconazole,DB01007,Compound 
Busulfan,DB01008,Compound 
Ketoprofen,DB01009,Compound 
Edrophonium,DB01010,Compound 
Metyrapone,DB01011,Compound 
Cinacalcet,DB01012,Compound 
Clobetasol propionate,DB01013,Compound 
Balsalazide,DB01014,Compound 
Sulfamethoxazole,DB01015,Compound 
Glyburide,DB01016,Compound 
Minocycline,DB01017,Compound 
Guanfacine,DB01018,Compound 
Bethanechol,DB01019,Compound 
Isosorbide Mononitrate,DB01020,Compound 
Trichlormethiazide,DB01021,Compound 
Phylloquinone,DB01022,Compound 
Felodipine,DB01023,Compound 
Mycophenolic acid,DB01024,Compound 
Amlexanox,DB01025,Compound 
Ketoconazole,DB01026,Compound 
Methoxyflurane,DB01028,Compound 
Irbesartan,DB01029,Compound 
Topotecan,DB01030,Compound 
Ethinamate,DB01031,Compound 
Probenecid,DB01032,Compound 
Mercaptopurine,DB01033,Compound 
Cerulenin,DB01034,Compound 
Procainamide,DB01035,Compound 
Tolterodine,DB01036,Compound 
Selegiline,DB01037,Compound 
Fenofibrate,DB01039,Compound 
Hydroxystilbamidine Isethionate,DB01040,Compound 
Thalidomide,DB01041,Compound 
Melphalan,DB01042,Compound 
Memantine,DB01043,Compound 
Gatifloxacin,DB01044,Compound 
Rifampicin,DB01045,Compound 
Lubiprostone,DB01046,Compound 
Fluocinonide,DB01047,Compound 
Abacavir,DB01048,Compound 
Ergoloid mesylate,DB01049,Compound 
Ibuprofen,DB01050,Compound 
Novobiocin,DB01051,Compound 
Benzylpenicillin,DB01053,Compound 
Nitrendipine,DB01054,Compound 
Mimosine,DB01055,Compound 
Tocainide,DB01056,Compound 
Echothiophate,DB01057,Compound 
Praziquantel,DB01058,Compound 
Norfloxacin,DB01059,Compound 
Amoxicillin,DB01060,Compound 
Azlocillin,DB01061,Compound 
Oxybutynin,DB01062,Compound 
Acetophenazine,DB01063,Compound 
Isoprenaline,DB01064,Compound 
Melatonin,DB01065,Compound 
Cefditoren,DB01066,Compound 
Glipizide,DB01067,Compound 
Clonazepam,DB01068,Compound 
Promethazine,DB01069,Compound 
Dihydrotachysterol,DB01070,Compound 
Mequitazine,DB01071,Compound 
Atazanavir,DB01072,Compound 
Fludarabine,DB01073,Compound 
Perhexiline,DB01074,Compound 
Diphenhydramine,DB01075,Compound 
Atorvastatin,DB01076,Compound 
Etidronic acid,DB01077,Compound 
Deslanoside,DB01078,Compound 
Vigabatrin,DB01080,Compound 
Diphenoxylate,DB01081,Compound 
Streptomycin,DB01082,Compound 
Orlistat,DB01083,Compound 
Emedastine,DB01084,Compound 
Pilocarpine,DB01085,Compound 
Benzocaine,DB01086,Compound 
Primaquine,DB01087,Compound 
Iloprost,DB01088,Compound 
Deserpidine,DB01089,Compound 
Pentolinium,DB01090,Compound 
Butenafine,DB01091,Compound 
Ouabain,DB01092,Compound 
Dimethyl sulfoxide,DB01093,Compound 
Hesperetin,DB01094,Compound 
Fluvastatin,DB01095,Compound 
Oxamniquine,DB01096,Compound 
Leflunomide,DB01097,Compound 
Rosuvastatin,DB01098,Compound 
Flucytosine,DB01099,Compound 
Pimozide,DB01100,Compound 
Capecitabine,DB01101,Compound 
Arbutamine,DB01102,Compound 
Quinacrine,DB01103,Compound 
Sertraline,DB01104,Compound 
Sibutramine,DB01105,Compound 
Levocabastine,DB01106,Compound 
Methyprylon,DB01107,Compound 
Trilostane,DB01108,Compound 
Miconazole,DB01110,Compound 
Colistimethate,DB01111,Compound 
Cefuroxime,DB01112,Compound 
Papaverine,DB01113,Compound 
Chlorphenamine,DB01114,Compound 
Nifedipine,DB01115,Compound 
Trimethaphan,DB01116,Compound 
Atovaquone,DB01117,Compound 
Amiodarone,DB01118,Compound 
Diazoxide,DB01119,Compound 
Gliclazide,DB01120,Compound 
Phenacemide,DB01121,Compound 
Ambenonium,DB01122,Compound 
Proflavine,DB01123,Compound 
Tolbutamide,DB01124,Compound 
Anisindione,DB01125,Compound 
Dutasteride,DB01126,Compound 
Econazole,DB01127,Compound 
Bicalutamide,DB01128,Compound 
Rabeprazole,DB01129,Compound 
Prednicarbate,DB01130,Compound 
Proguanil,DB01131,Compound 
Pioglitazone,DB01132,Compound 
Tiludronate,DB01133,Compound 
Doxacurium chloride,DB01135,Compound 
Carvedilol,DB01136,Compound 
Levofloxacin,DB01137,Compound 
Sulfinpyrazone,DB01138,Compound 
Cefapirin,DB01139,Compound 
Cefadroxil,DB01140,Compound 
Micafungin,DB01141,Compound 
Doxepin,DB01142,Compound 
Amifostine,DB01143,Compound 
Diclofenamide,DB01144,Compound 
Sulfoxone,DB01145,Compound 
Diphenylpyraline,DB01146,Compound 
Cloxacillin,DB01147,Compound 
Flavoxate,DB01148,Compound 
Nefazodone,DB01149,Compound 
Cefprozil,DB01150,Compound 
Desipramine,DB01151,Compound 
Sertaconazole,DB01153,Compound 
Thiamylal,DB01154,Compound 
Gemifloxacin,DB01155,Compound 
Bupropion,DB01156,Compound 
Trimetrexate,DB01157,Compound 
Bretylium,DB01158,Compound 
Halothane,DB01159,Compound 
Dinoprost Tromethamine,DB01160,Compound 
Chloroprocaine,DB01161,Compound 
Terazosin,DB01162,Compound 
Calcium Chloride,DB01164,Compound 
Ofloxacin,DB01165,Compound 
Cilostazol,DB01166,Compound 
Itraconazole,DB01167,Compound 
Procarbazine,DB01168,Compound 
Arsenic trioxide,DB01169,Compound 
Guanethidine,DB01170,Compound 
Moclobemide,DB01171,Compound 
Kanamycin,DB01172,Compound 
Orphenadrine,DB01173,Compound 
Phenobarbital,DB01174,Compound 
Escitalopram,DB01175,Compound 
Cyclizine,DB01176,Compound 
Idarubicin,DB01177,Compound 
Chlormezanone,DB01178,Compound 
Podofilox,DB01179,Compound 
Rescinnamine,DB01180,Compound 
Ifosfamide,DB01181,Compound 
Propafenone,DB01182,Compound 
Naloxone,DB01183,Compound 
Domperidone,DB01184,Compound 
Fluoxymesterone,DB01185,Compound 
Pergolide,DB01186,Compound 
Iophendylate,DB01187,Compound 
Ciclopirox,DB01188,Compound 
Desflurane,DB01189,Compound 
Clindamycin,DB01190,Compound 
Dexfenfluramine,DB01191,Compound 
Oxymorphone,DB01192,Compound 
Acebutolol,DB01193,Compound 
Brinzolamide,DB01194,Compound 
Flecainide,DB01195,Compound 
Estramustine,DB01196,Compound 
Captopril,DB01197,Compound 
Zopiclone,DB01198,Compound 
Tubocurarine,DB01199,Compound 
Bromocriptine,DB01200,Compound 
Rifapentine,DB01201,Compound 
Levetiracetam,DB01202,Compound 
Nadolol,DB01203,Compound 
Mitoxantrone,DB01204,Compound 
Flumazenil,DB01205,Compound 
Lomustine,DB01206,Compound 
Ridogrel,DB01207,Compound 
Sparfloxacin,DB01208,Compound 
Dezocine,DB01209,Compound 
Levobunolol,DB01210,Compound 
Clarithromycin,DB01211,Compound 
Ceftriaxone,DB01212,Compound 
Fomepizole,DB01213,Compound 
Metipranolol,DB01214,Compound 
Estazolam,DB01215,Compound 
Finasteride,DB01216,Compound 
Anastrozole,DB01217,Compound 
Halofantrine,DB01218,Compound 
Dantrolene,DB01219,Compound 
Rifaximin,DB01220,Compound 
Ketamine,DB01221,Compound 
Budesonide,DB01222,Compound 
Aminophylline,DB01223,Compound 
Quetiapine,DB01224,Compound 
Enoxaparin,DB01225,Compound 
Mivacurium,DB01226,Compound 
Levomethadyl Acetate,DB01227,Compound 
Encainide,DB01228,Compound 
Paclitaxel,DB01229,Compound 
Diphenidol,DB01231,Compound 
Saquinavir,DB01232,Compound 
Metoclopramide,DB01233,Compound 
Dexamethasone,DB01234,Compound 
L-DOPA,DB01235,Compound 
Sevoflurane,DB01236,Compound 
Bromodiphenhydramine,DB01237,Compound 
Aripiprazole,DB01238,Compound 
Chlorprothixene,DB01239,Compound 
Epoprostenol,DB01240,Compound 
Gemfibrozil,DB01241,Compound 
Clomipramine,DB01242,Compound 
Chloroxine,DB01243,Compound 
Bepridil,DB01244,Compound 
Decamethonium,DB01245,Compound 
Alimemazine,DB01246,Compound 
Isocarboxazid,DB01247,Compound 
Docetaxel,DB01248,Compound 
Iodixanol,DB01249,Compound 
Olsalazine,DB01250,Compound 
Gliquidone,DB01251,Compound 
Mitiglinide,DB01252,Compound 
Ergonovine,DB01253,Compound 
Dasatinib,DB01254,Compound 
Lisdexamfetamine,DB01255,Compound 
Retapamulin,DB01256,Compound 
Lapatinib,DB01259,Compound 
Desonide,DB01260,Compound 
Sitagliptin,DB01261,Compound 
Decitabine,DB01262,Compound 
Posaconazole,DB01263,Compound 
Darunavir,DB01264,Compound 
Telbivudine,DB01265,Compound 
Paliperidone,DB01267,Compound 
Sunitinib,DB01268,Compound 
Varenicline,DB01273,Compound 
Arformoterol,DB01274,Compound 
Hydralazine,DB01275,Compound 
Nelarabine,DB01280,Compound 
Carbetocin,DB01282,Compound 
Lumiracoxib,DB01283,Compound 
Fenoterol,DB01288,Compound 
Glisoxepide,DB01289,Compound 
Pirbuterol,DB01291,Compound 
Bismuth Subsalicylate,DB01294,Compound 
Bevantolol,DB01295,Compound 
Glucosamine,DB01296,Compound 
Practolol,DB01297,Compound 
Sulfacytine,DB01298,Compound 
Sulfadoxine,DB01299,Compound 
Rolitetracycline,DB01301,Compound 
Oxtriphylline,DB01303,Compound 
Fosamprenavir,DB01319,Compound 
Fosphenytoin,DB01320,Compound 
Josamycin,DB01321,Compound 
Polythiazide,DB01324,Compound 
Quinethazone,DB01325,Compound 
Cefamandole,DB01326,Compound 
Cefazolin,DB01327,Compound 
Cefonicid,DB01328,Compound 
Cefoperazone,DB01329,Compound 
Cefotetan,DB01330,Compound 
Cefoxitin,DB01331,Compound 
Ceftizoxime,DB01332,Compound 
Cefradine,DB01333,Compound 
Metocurine,DB01336,Compound 
Pancuronium,DB01337,Compound 
Pipecuronium,DB01338,Compound 
Vecuronium,DB01339,Compound 
Cilazapril,DB01340,Compound 
Forasartan,DB01342,Compound 
Quinidine barbiturate,DB01346,Compound 
Saprisartan,DB01347,Compound 
Spirapril,DB01348,Compound 
Tasosartan,DB01349,Compound 
Amobarbital,DB01351,Compound 
Aprobarbital,DB01352,Compound 
Butethal,DB01353,Compound 
Heptabarbital,DB01354,Compound 
Hexobarbital,DB01355,Compound 
Lithium,DB01356,Compound 
Mestranol,DB01357,Compound 
Penbutolol,DB01359,Compound 
Troleandomycin,DB01361,Compound 
Iohexol,DB01362,Compound 
Ephedrine,DB01364,Compound 
Mephentermine,DB01365,Compound 
Procaterol,DB01366,Compound 
Rasagiline,DB01367,Compound 
Quinupristin,DB01369,Compound 
Aluminium,DB01370,Compound 
Dihydroxyaluminium,DB01375,Compound 
Magnesium oxide,DB01377,Compound 
Cortisone acetate,DB01380,Compound 
Glycodiazine,DB01382,Compound 
Paramethasone,DB01384,Compound 
Sodium bicarbonate,DB01390,Compound 
Yohimbine,DB01392,Compound 
Bezafibrate,DB01393,Compound 
Colchicine,DB01394,Compound 
Drospirenone,DB01395,Compound 
Digitoxin,DB01396,Compound 
Magnesium salicylate,DB01397,Compound 
Salicylate-sodium,DB01398,Compound 
Salsalate,DB01399,Compound 
Neostigmine,DB01400,Compound 
Trisalicylate-choline,DB01401,Compound 
Methotrimeprazine,DB01403,Compound 
Danazol,DB01406,Compound 
Clenbuterol,DB01407,Compound 
Bambuterol,DB01408,Compound 
Tiotropium,DB01409,Compound 
Ciclesonide,DB01410,Compound 
Pranlukast,DB01411,Compound 
Theobromine,DB01412,Compound 
Cefepime,DB01413,Compound 
Cefacetrile,DB01414,Compound 
Ceftibuten,DB01415,Compound 
Cefpodoxime,DB01416,Compound 
Acenocoumarol,DB01418,Compound 
Antrafenine,DB01419,Compound 
Testosterone Propionate,DB01420,Compound 
Paromomycin,DB01421,Compound 
Nitroxoline,DB01422,Compound 
Stepronin,DB01423,Compound 
Aminophenazone,DB01424,Compound 
Alizapride,DB01425,Compound 
Ajmaline,DB01426,Compound 
Amrinone,DB01427,Compound 
Oxybenzone,DB01428,Compound 
Aprindine,DB01429,Compound 
Almitrine,DB01430,Compound 
Allylestrenol,DB01431,Compound 
Methadyl Acetate,DB01433,Compound 
Antipyrine,DB01435,Compound 
Alfacalcidol,DB01436,Compound 
Glutethimide,DB01437,Compound 
Phenazopyridine,DB01438,Compound 
Gamma Hydroxybutyric Acid,DB01440,Compound 
Heroin,DB01452,Compound 
Fencamfamine,DB01463,Compound 
Ethylmorphine,DB01466,Compound 
Fenethylline,DB01482,Compound 
Camazepam,DB01489,Compound 
Difenoxin,DB01501,Compound 
Delorazepam,DB01511,Compound 
Flunitrazepam,DB01544,Compound 
Ethyl loflazepate,DB01545,Compound 
Fenproporex,DB01550,Compound 
Dihydrocodeine,DB01551,Compound 
Cloxazolam,DB01553,Compound 
Bromazepam,DB01558,Compound 
Clotiazepam,DB01559,Compound 
Fludiazepam,DB01567,Compound 
Dextroamphetamine,DB01576,Compound 
Methamphetamine,DB01577,Compound 
Metrizamide,DB01578,Compound 
Phendimetrazine,DB01579,Compound 
Oxprenolol,DB01580,Compound 
Sulfamerazine,DB01581,Compound 
Sulfamethazine,DB01582,Compound 
Liotrix,DB01583,Compound 
Ursodeoxycholic acid,DB01586,Compound 
Ketazolam,DB01587,Compound 
Prazepam,DB01588,Compound 
Quazepam,DB01589,Compound 
Everolimus,DB01590,Compound 
Solifenacin,DB01591,Compound 
Iron,DB01592,Compound 
Zinc,DB01593,Compound 
Cinolazepam,DB01594,Compound 
Nitrazepam,DB01595,Compound 
Cilastatin,DB01597,Compound 
Imipenem,DB01598,Compound 
Probucol,DB01599,Compound 
Tiaprofenic acid,DB01600,Compound 
Lopinavir,DB01601,Compound 
Bacampicillin,DB01602,Compound 
Meticillin,DB01603,Compound 
Pivampicillin,DB01604,Compound 
Pivmecillinam,DB01605,Compound 
Tazobactam,DB01606,Compound 
Ticarcillin,DB01607,Compound 
Propericiazine,DB01608,Compound 
Deferasirox,DB01609,Compound 
Valganciclovir,DB01610,Compound 
Hydroxychloroquine,DB01611,Compound 
Amyl Nitrite,DB01612,Compound 
Erythrityl Tetranitrate,DB01613,Compound 
Acepromazine,DB01614,Compound 
Aceprometazine,DB01615,Compound 
Alverine,DB01616,Compound 
Molindone,DB01618,Compound 
Phenindamine,DB01619,Compound 
Pheniramine,DB01620,Compound 
Pipotiazine,DB01621,Compound 
Thioproperazine,DB01622,Compound 
Thiothixene,DB01623,Compound 
Zuclopenthixol,DB01624,Compound 
Isopropamide,DB01625,Compound 
Pargyline,DB01626,Compound 
Lincomycin,DB01627,Compound 
Etoricoxib,DB01628,Compound 
Roflumilast,DB01656,Compound 
Dalfopristin,DB01764,Compound 
Equilin,DB02187,Compound 
Calcipotriol,DB02300,Compound 
Vorinostat,DB02546,Compound 
Terlipressin,DB02638,Compound 
Fusidic Acid,DB02703,Compound 
Oxitriptan,DB02959,Compound 
Flavin adenine dinucleotide,DB03147,Compound 
Acetic acid,DB03166,Compound 
Phenol,DB03255,Compound 
Niflumic Acid,DB04552,Compound 
Latamoxef,DB04570,Compound 
Trioxsalen,DB04571,Compound 
Thiotepa,DB04572,Compound 
Estriol,DB04573,Compound 
Estropipate,DB04574,Compound 
Quinestrol,DB04575,Compound 
Iodipamide,DB04711,Compound 
Suramin,DB04786,Compound 
Bifonazole,DB04794,Compound 
Maraviroc,DB04835,Compound 
Clofedanol,DB04837,Compound 
Cyclandelate,DB04838,Compound 
Cyproterone acetate,DB04839,Compound 
Debrisoquin,DB04840,Compound 
Flunarizine,DB04841,Compound 
Fluspirilene,DB04842,Compound 
Mepenzolate,DB04843,Compound 
Tetrabenazine,DB04844,Compound 
Ixabepilone,DB04845,Compound 
Dronedarone,DB04855,Compound 
Nebivolol,DB04861,Compound 
Homoharringtonine,DB04865,Compound 
Nilotinib,DB04868,Compound 
Vildagliptin,DB04876,Compound 
Voacamine,DB04877,Compound 
Voglibose,DB04878,Compound 
Enoximone,DB04880,Compound 
Bepotastine,DB04890,Compound 
Vapreotide,DB04894,Compound 
Milnacipran,DB04896,Compound 
Ximelagatran,DB04898,Compound 
Oritavancin,DB04911,Compound 
Clevidipine,DB04920,Compound 
Permethrin,DB04930,Compound 
Ospemifene,DB04938,Compound 
Tamibarotene,DB04942,Compound 
Iloperidone,DB04946,Compound 
Lofexidine,DB04948,Compound 
Ezogabine,DB04953,Compound 
Lucanthone,DB04967,Compound 
Ingenol Mebutate,DB05013,Compound 
Indacaterol,DB05039,Compound 
Trabectedin,DB05109,Compound 
Silver sulfadiazine,DB05245,Compound 
Methsuximide,DB05246,Compound 
Gallium nitrate,DB05260,Compound 
Ecabet,DB05265,Compound 
Ibudilast,DB05266,Compound 
Rotigotine,DB05271,Compound 
Vandetanib,DB05294,Compound 
WF10,DB05389,Compound 
Telaprevir,DB05521,Compound 
Sodium stibogluconate,DB05630,Compound 
Abiraterone,DB05812,Compound 
Sertindole,DB06144,Compound 
Sulfathiazole,DB06147,Compound 
Mianserin,DB06148,Compound 
Sulfadimethoxine,DB06150,Compound 
Acetylcysteine,DB06151,Compound 
Rimonabant,DB06155,Compound 
Icatibant,DB06196,Compound 
Rufinamide,DB06201,Compound 
Alogliptin,DB06203,Compound 
Tapentadol,DB06204,Compound 
Silodosin,DB06207,Compound 
Prasugrel,DB06209,Compound 
Eltrombopag,DB06210,Compound 
Tolvaptan,DB06212,Compound 
Regadenoson,DB06213,Compound 
Asenapine,DB06216,Compound 
Lacosamide,DB06218,Compound 
Rivaroxaban,DB06228,Compound 
Avanafil,DB06237,Compound 
Incadronate,DB06255,Compound 
Droxidopa,DB06262,Compound 
Udenafil,DB06267,Compound 
Sitaxentan,DB06268,Compound 
Alvimopan,DB06274,Compound 
Temsirolimus,DB06287,Compound 
Amisulpride,DB06288,Compound 
SIMEPREVIR,DB06290,Compound 
Dapagliflozin,DB06292,Compound 
Saxagliptin,DB06335,Compound 
Telavancin,DB06402,Compound 
Etravirine,DB06414,Compound 
Tyloxapol,DB06439,Compound 
Pazopanib,DB06589,Compound 
Ceftaroline fosamil,DB06590,Compound 
Agomelatine,DB06594,Compound 
Apixaban,DB06605,Compound 
Peramivir,DB06614,Compound 
Bosutinib,DB06616,Compound 
Flupirtine,DB06623,Compound 
Dalfampridine,DB06637,Compound 
Pasireotide,DB06663,Compound 
Vilazodone,DB06684,Compound 
Ethanolamine Oleate,DB06689,Compound 
Mepyramine,DB06691,Compound 
Xylometazoline,DB06694,Compound 
Dabigatran etexilate,DB06695,Compound 
Arbekacin,DB06696,Compound 
Artemether,DB06697,Compound 
Betahistine,DB06698,Compound 
Degarelix,DB06699,Compound 
Desvenlafaxine,DB06700,Compound 
Dexmethylphenidate,DB06701,Compound 
Fesoterodine,DB06702,Compound 
Gadobutrol,DB06703,Compound 
Iobenguane,DB06704,Compound 
Gadofosveset trisodium,DB06705,Compound 
Isometheptene,DB06706,Compound 
Levonordefrin,DB06707,Compound 
Lumefantrine,DB06708,Compound 
Methacholine,DB06709,Compound 
Methyltestosterone,DB06710,Compound 
Naphazoline,DB06711,Compound 
Nilvadipine,DB06712,Compound 
Norelgestromin,DB06713,Compound 
Propylhexedrine,DB06714,Compound 
Potassium Iodide,DB06715,Compound 
Fospropofol,DB06716,Compound 
Fosaprepitant,DB06717,Compound 
Stanozolol,DB06718,Compound 
Aluminum hydroxide,DB06723,Compound 
Lornoxicam,DB06725,Compound 
Sulfaphenazole,DB06729,Compound 
Gestodene,DB06730,Compound 
Ketobemidone,DB06738,Compound 
Drotaverine,DB06751,Compound 
Alcaftadine,DB06766,Compound 
Ammonium lactate,DB06768,Compound 
Benzyl alcohol,DB06770,Compound 
Besifloxacin,DB06771,Compound 
Cabazitaxel,DB06772,Compound 
Carglumic Acid,DB06775,Compound 
Chenodeoxycholic acid,DB06777,Compound 
Difluprednate,DB06781,Compound 
Dimercaprol,DB06782,Compound 
Mafenide,DB06795,Compound 
Methylnaltrexone,DB06800,Compound 
Nepafenac,DB06802,Compound 
Niclosamide,DB06803,Compound 
Nonoxynol-9,DB06804,Compound 
Plerixafor,DB06809,Compound 
Plicamycin,DB06810,Compound 
Polidocanol,DB06811,Compound 
Pralatrexate,DB06813,Compound 
Raltegravir,DB06817,Compound 
Viomycin,DB06827,Compound 
Azapropazone,DB07402,Compound 
Triclosan,DB08604,Compound 
Diloxanide,DB08792,Compound 
Azidocillin,DB08795,Compound 
Pipazethate,DB08796,Compound 
Salicylamide,DB08797,Compound 
Sulfamoxole,DB08798,Compound 
Antazoline,DB08799,Compound 
Chloropyramine,DB08800,Compound 
Dimetindene,DB08801,Compound 
Isothipendyl,DB08802,Compound 
Tymazoline,DB08803,Compound 
Nandrolone decanoate,DB08804,Compound 
Roxatidine acetate,DB08806,Compound 
Bopindolol,DB08807,Compound 
Bupranolol,DB08808,Compound 
Cinitapride,DB08810,Compound 
Tofisopam,DB08811,Compound 
Lurasidone,DB08815,Compound 
Ticagrelor,DB08816,Compound 
Tafluprost,DB08819,Compound 
Ivacaftor,DB08820,Compound 
Azilsartan medoxomil,DB08822,Compound 
Spinosad,DB08823,Compound 
Ioflupane I 123,DB08824,Compound 
Deferiprone,DB08826,Compound 
Lomitapide,DB08827,Compound 
Vismodegib,DB08828,Compound 
Tauroursodeoxycholic acid,DB08834,Compound 
Spaglumic Acid,DB08835,Compound 
Acetylcarnitine,DB08842,Compound 
Hydroxyproline,DB08847,Compound 
Pitavastatin,DB08860,Compound 
Rilpivirine,DB08864,Compound 
Crizotinib,DB08865,Compound 
Estradiol valerate/Dienogest,DB08866,Compound 
Fingolimod,DB08868,Compound 
Eribulin,DB08871,Compound 
Boceprevir,DB08873,Compound 
Fidaxomicin,DB08874,Compound 
Ruxolitinib,DB08877,Compound 
Vemurafenib,DB08881,Compound 
Linagliptin,DB08882,Compound 
Gadoxetate,DB08884,Compound 
Icosapent ethyl,DB08887,Compound 
Carfilzomib,DB08889,Compound 
Linaclotide,DB08890,Compound 
Mirabegron,DB08893,Compound 
Regorafenib,DB08896,Compound 
Aclidinium,DB08897,Compound 
Enzalutamide,DB08899,Compound 
Ponatinib,DB08901,Compound 
Bedaquiline,DB08903,Compound 
Formestane,DB08905,Compound 
Fluticasone furoate,DB08906,Compound 
Canagliflozin,DB08907,Compound 
Glycerol Phenylbutyrate,DB08909,Compound 
Pomalidomide,DB08910,Compound 
Trametinib,DB08911,Compound 
Dabrafenib,DB08912,Compound 
Radium Ra 223 Dichloride,DB08913,Compound 
Afatinib,DB08916,Compound 
Levomilnacipran,DB08918,Compound 
Amfecloral,DB08924,Compound 
Arsthinol,DB08928,Compound 
Dolutegravir,DB08930,Compound 
MACITENTAN,DB08932,Compound 
LULICONAZOLE,DB08933,Compound 
Sofosbuvir,DB08934,Compound 
Chlorcyclizine,DB08936,Compound 
Isoxsuprine,DB08941,Compound 
Isoconazole,DB08943,Compound 
Isoaminile,DB08944,Compound 
Iopanoic acid,DB08946,Compound 
Iopamidol,DB08947,Compound 
Ifenprodil,DB08954,Compound 
Hexoprenaline,DB08957,Compound 
Hexetidine,DB08958,Compound 
Fusafungine,DB08965,Compound 
Fursultiamine,DB08966,Compound 
Dimetotiazine,DB08967,Compound 
Fominoben,DB08968,Compound 
Fluprednidene Acetate,DB08970,Compound 
Fluocortolone,DB08971,Compound 
Flubendazole,DB08974,Compound 
Floctafenine,DB08976,Compound 
Fenspiride,DB08979,Compound 
Fenbufen,DB08981,Compound 
Etozoline,DB08982,Compound 
Etofibrate,DB08983,Compound 
Etofenamate,DB08984,Compound 
Etidocaine,DB08987,Compound 
Eprazinone,DB08990,Compound 
Epirizole,DB08991,Compound 
Eperisone,DB08992,Compound 
Enviomycin,DB08993,Compound 
Ditazole,DB08994,Compound 
Diosmin,DB08995,Compound 
Dimetacrine,DB08996,Compound 
Demexiptiline,DB08998,Compound 
Cyamemazine,DB09000,Compound 
Cloperastine,DB09002,Compound 
Clocapramine,DB09003,Compound 
Clinofibrate,DB09006,Compound 
Cephaloridine,DB09008,Compound 
Articaine,DB09009,Compound 
Captodiame,DB09014,Compound 
Potassium Canrenoate,DB09015,Compound 
Brotizolam,DB09017,Compound 
Bromopride,DB09018,Compound 
Bromhexine,DB09019,Compound 
Bisacodyl,DB09020,Compound 
Cytisine,DB09028,Compound 